id,firstName,lastName,email,gender,contactNo,country,dob
1,Oberon,Worswick,oworswick2r@cnet.com,Male,271-318-8770,Portugal,17/12/2000
2,Martin,Ridesdale,mridesdale2s@mit.edu,Male,868-783-8805,Indonesia,03/12/2014
3,Curcio,Pitherick,cpitherick2t@weather.com,Male,193-522-4872,Brazil,15/02/1998
4,Sherwynd,Slimings,sslimings2u@oaic.gov.au,Male,896-614-9723,Japan,16/01/2003
5,Seumas,Suarez,ssuarez2v@nytimes.com,Bigender,161-927-6373,China,02/04/2020
6,Sisile,Louis,slouis2w@mediafire.com,Female,797-543-2634,Germany,14/08/1995
7,Kilian,Pittam,kpittam2x@blogspot.com,Male,417-162-8247,China,09/07/2007
8,Vivyanne,Ashmore,vashmore2y@xinhuanet.com,Female,474-833-7890,Indonesia,07/06/2009
9,Aksel,Hortop,ahortop2z@ifeng.com,Male,628-650-1193,Russia,01/05/2011
10,Birk,Alves,balves30@devhub.com,Male,140-407-7680,Poland,08/08/1995
11,Lauren,Eliesco,leliesco31@foxnews.com,Male,712-410-7384,China,06/05/1997
12,Eugene,Moyles,emoyles32@qq.com,Male,106-840-2143,China,06/06/1990
13,Karoline,Hourston,khourston33@eepurl.com,Female,544-597-8074,China,14/11/2017
14,Stormi,Crowley,scrowley34@pagesperso-orange.fr,Non-binary,593-837-0502,Sweden,05/11/2019
15,Daria,Zielinski,dzielinski35@google.com.au,Female,770-430-6333,Sweden,13/09/1990
16,Selby,Caveney,scaveney36@sourceforge.net,Male,559-657-6782,China,03/10/2008
17,Cooper,Fanthome,cfanthome37@skype.com,Bigender,196-442-5822,Lesotho,21/02/2002
18,Valentijn,O'Hollegan,vohollegan38@shareasale.com,Male,240-898-3205,Portugal,24/05/2000
19,Bobbe,O'Moylane,bomoylane39@flickr.com,Female,494-769-5268,Malaysia,18/12/2019
20,Erinna,Raeside,eraeside3a@vimeo.com,Female,930-689-9684,Russia,30/01/2019
21,Aili,Saiger,asaiger3b@zimbio.com,Female,312-971-7316,Azerbaijan,12/10/2003
22,Chrotoem,de Chastelain,cdechastelain3c@photobucket.com,Male,482-528-3275,Azerbaijan,08/03/2001
23,Adella,MacCall,amaccall3d@soundcloud.com,Female,292-279-5260,Peru,26/11/2016
24,Leroi,Paulucci,lpaulucci3e@elegantthemes.com,Male,405-412-8795,Philippines,28/08/2005
25,Audrie,Barnhill,abarnhill3f@dropbox.com,Female,384-893-1752,Peru,11/08/1994
26,Oswald,Domenget,odomenget3g@hp.com,Male,786-183-8601,China,29/06/2015
27,Hagen,Blackston,hblackston3h@mayoclinic.com,Male,961-815-3185,Peru,08/11/2016
28,Morris,Ducarne,mducarne3i@trellian.com,Male,632-872-6702,Russia,28/08/2004
29,Aarika,Buddle,abuddle3j@indiatimes.com,Female,565-907-3379,China,24/01/2005
30,Carolann,Bramwell,cbramwell3k@nydailynews.com,Female,725-588-1540,South Africa,22/04/2000
31,Marcela,Spencers,mspencers3l@opensource.org,Female,704-208-3568,Russia,14/04/1997
32,Dulcine,Honatsch,dhonatsch3m@youku.com,Female,807-600-6133,Indonesia,14/10/1991
33,Fons,O'Malley,fomalley3n@craigslist.org,Male,479-805-9539,Falkland Islands,07/12/2004
34,Dimitri,Rasor,drasor3o@live.com,Male,940-105-0350,Brazil,24/11/2007
35,Leanna,Burwood,lburwood3p@sakura.ne.jp,Female,820-936-5324,Russia,21/10/2010
36,Frances,Goady,fgoady3q@chron.com,Female,238-819-4748,Bolivia,10/05/1998
37,Chantal,McCane,cmccane3r@t-online.de,Non-binary,156-235-4088,Canada,04/09/2017
38,Lewie,Harness,lharness3s@webs.com,Male,307-119-8396,China,07/10/1993
39,Blinni,Boughey,bboughey3t@soundcloud.com,Female,731-496-6333,Iran,12/03/2009
40,Arluene,Scad,ascad3u@hugedomains.com,Female,704-954-1777,Croatia,25/01/2007
41,Gareth,Shovel,gshovel3v@xrea.com,Male,130-590-6029,Canada,13/02/2018
42,Horacio,Bremmell,hbremmell3w@ibm.com,Male,615-587-7396,Russia,01/04/2006
43,Georgina,Westcot,gwestcot3x@soup.io,Female,672-832-4301,Brazil,21/10/1998
44,Nari,Chevers,nchevers3y@sina.com.cn,Female,590-495-7146,Poland,25/05/2004
45,Ralina,Hankin,rhankin3z@cdbaby.com,Female,782-472-6317,Argentina,19/03/1991
46,Cybill,Lantaff,clantaff40@sphinn.com,Female,986-596-1507,China,04/04/2014
47,Mac,Warrillow,mwarrillow41@arstechnica.com,Male,930-398-2038,China,27/04/1991
48,Mitch,MacEllen,mmacellen42@newyorker.com,Agender,667-257-7323,Indonesia,14/09/2020
49,Meir,Avramov,mavramov43@aol.com,Male,852-552-1539,Iran,17/10/2020
50,Merrile,Bomb,mbomb44@webs.com,Female,330-945-2042,Slovenia,30/12/2002
51,Bathsheba,Waker,bwaker45@gov.uk,Female,443-765-6334,Brazil,11/05/2011
